Razão Social;Fundo;Código
AF INVEST CRI FUNDO DE INVESTIMENTO IMOBILIÁRIO RECEBÍVEIS IMOBILIÁRIOS RESPONSABILIDADE LIMITADA;FII AFHI CRI;AFHI;
AF INVEST REAL ESTATE MULTIESTRATÉGIA FUNDO DE INVESTIMENTO IMOBILIÁRIO - RESPONSABILIDADE LIMITADA;FII AFHF;AFHF;
AIRPORT TOWN FUNDO DE INVESTIMENTO IMOBILIARIO - FII;FII A TOWN;ATWN;
AJ MALLS FUNDO DE INVESTIMENTO IMOBILIÁRIO RESPONSABILIDADE LIMITADA;FII AJ MALLS;AJFI;
ALIANZA CRÉDITO IMOBILIÁRIO FUNDO DE INVESTIMENTO IMOBILIÁRIO RESPONSABILIDADE LIMITADA;FII ALIANZAC;ALZC;
ALIANZA MULTIOFFICES - FUNDO DE INVESTIMENTO IMOBILIÁRIO - RESPONSABILIDADE LIMITADA;FII MULT OF1;MTOF;
ALIANZA TRUST RENDA IMOBILIÁRIA - FUNDO DE INVESTIMENTO IMOBILIÁRIO RESPONSABILIDADE LIMITADA;FII ALIANZA;ALZR;
ALIANZA URBAN HUB RENDA FUNDO DE INVESTIMENTO IMOBILIÁRIO RESPONSABILIDADE LIMITADA;FII ALI URB;AURB;
APEX MALLS FUNDO DE INVESTIMENTO IMOBILIÁRIO RESPONSABILIDADE LIMITADA;FII APEX MS;APXM;
APEX URB FUNDO DE INVESTIMENTO IMOBILIÁRIO RESPONSABILIDADE LIMITADA;FII APXU;APXU;
ARCH EDIFÍCIOS CORPORATIVOS FUNDO DE INVESTIMENTO IMOBILIÁRIO - RESPONSABILIDADE LIMITADA;FII AUTONOMY;AIEC;
AROEIRA 333 RENDA LOGÍSTICA FUNDO DE INVESTIMENTO IMOBILIÁRIO RESPONSABILIDADE LIMITADA;FII AROA;AROA;
AROEIRA FUNDO DE INVESTIMENTO IMOBILIÁRIO - RESPONSABILIDADE LIMITADA;FII EIRA;EIRA;
ÁRTEMIS FUNDO DE INVESTIMENTO IMOBILIÁRIO RESPONSABILIDADE LIMITADA;FII ARTE;ARTE;
ARX DOVER RECEBÍVEIS FUNDO DE INVESTIMENTO IMOBILIÁRIO;FII ARXD R;ARXD;
AZ QUEST PANORAMA CRÉDITO ESTRUTURADO FUNDO DE INVESTIMENTO IMOBILIÁRIO DE RESPONSABILIDADE LIMITADA;FII AZPE;AZPE;
AZ QUEST PANORAMA LOGÍSTICA FUNDO DE INVESTIMENTO IMOBILIÁRIO - RESPONSABILIDADE LIMITADA;FII AZPL;AZPL;
BALTIMORE FUNDO DE INVESTIMENTO IMOBILIÁRIO DE RESPONSABILIDADE LIMITADA;FII CEBB;CEBB;
BANESTES RECEBÍVEIS  IMOBILIÁRIOS FUNDO DE INVESTIMENTO IMOBILIÁRIO - FII - RESPONSABILIDADE LIMITAD;FII BEES CRI;BCRI;
BANRISUL NOVAS FRONTEIRAS FUNDO DE INVESTIMENTO IMOBILIARIO - RESPONSABILIDADE LIMITADA;FII BANRISUL;BNFS;
BARRA MALLS FUNDO DE INVESTIMENTO IMOBILIÁRIO;FII BR MALLS;BTML;
BARZEL CD1 FUNDO DE INVESTIMENTO IMOBILIARIO RESPONSABILIDADE LIMITADA;FII BARZEL;BZEL;
BASÍLICA PARTNERS GDR FUNDO DE INVESTIMENTO IMOBILIÁRIO FII RESPONSABILIDADE LIMITADA;FII BPDR;BPDR;
BASÍLICA PARTNERS LED CORPORATE FUNDO DE INVESTIMENTO IMOBILIÁRIO FII;FII BASILICA;BPLC;
BASÍLICA PARTNERS MEDWELL FUNDO DE INVESTIMENTO IMOBILIÁRIO FII RESPONSABILIDADE LIMITADA;FII BPMW;BPMW;
BB FUNDO DE FUNDOS - FUNDO DE INVESTIMENTO IMOBILIÁRIO RESPONSABILIDADE LIMITADA;FII BB FOF;BBFO;
BB FUNDO DE INVESTIMENTO IMOBILIÁRIO PROGRESSIVO RESPONSABILIDADE LIMITADA;FII BB PROGR;BBFI;
BB PREMIUM MALLS FUNDO DE INVESTIMENTO IMOBILIÁRIO DE RESPONSABILIDADE LIMITADA;FII BBIG;BBIG;
BB RENDA CORPORATIVA FUNDO DE INVESTIMENTO IMOBILIÁRIO RESPONSABILIDADE LIMITADA;FII BB CORP;BBRC;
BE IN RIO FUNDO DE INVESTIMENTO IMOBILIÁRIO - RESPONSABILIDADE LIMITADA;FII BINR;BINR;
BGR B32 FUNDO DE INVESTIMENTO IMOBILIÁRIO;FII BGRB;BGRB;
BLUECAP LOG FUNDO DE INVESTIMENTO IMOBILIÁRIO;FII BLOG;BLOG;
BLUEMACAW LOGÍSTICA FUNDO DE INVESTIMENTO IMOBILIÁRIO;FII BLUE LOG;BLMG;
BM BRASCAN LAJES CORPORATIVAS FUNDO DE INVESTIMENTO IMOBILIÁRIO RESPONSABILIDADE LIMITADA;FII BMBRC LC;BMLC;
BR7 SENADO FUNDO DE INVESTIMENTO IMOBILIÁRIO;FII BR7 SENA;BRSE;
BRADESCO CARTEIRA IMOBILIÁRIA ATIVA - FUNDO DE FUNDOS DE INVESTIMENTO IMOBILIÁRIO - FII;FII BCIA;BCIA;
BRASIL VAREJO FUNDO DE INVESTIMENTO IMOBILÁRIO RESPONSABILIDADE LIMITADA;FII B VAREJO;BVAR;
BRAZILIAN GRAVEYARD AND DEATH CARE SERVICES FUNDO DE INVESTIMENTO IMOBILIÁRIO - FII RESP LIMITADA;FII DEA CARE;CARE;
BRC RENDA CORPORATIVA FUNDO DE INVESTIMENTO IMOBILIÁRIO - RESPONSABILIDADE LIMITADA;FII ATHENA I;FATN;
BRC-II FUNDO DE INVESTIMENTO IMOBILIÁRIO - RESPONSABILIDADE LIMITADA;FII RTEL;RTEL;
BRESCO DESENVOLVIMENTO FUNDO DE INVESTIMENTO IMOBILIÁRIO RESPONSABILIDADE LIMITADA;FII BRCD;BRCD;
BRESCO LOGÍSTICA FUNDO DE INVESTIMENTO IMOBILIÁRIO RESPONSABILIDADE LIMITADA;FII BRESCO;BRCO;
BRIO CRÉDITO ESTRUTURADO - FUNDO DE INVESTIMENTO IMOBILIÁRIO - RESPONSABILIDADE LIMITADA;FII BRIO CRE;BICE;
BRIO MULTIESTRATÉGIA - FUNDO DE INVESTIMENTO IMOBILIÁRIO RESPONSABILIDADE LIMITADA;FII BRIO ME;BIME;
BRIO REAL ESTATE II - FUNDO DE INVESTIMENTO IMOBILIÁRIO - RESPONSABILIDADE LIMITADA;FII BRIO II;BRIM;
BRIO REAL ESTATE III - FUNDO DE INVESTIMENTO IMOBILIÁRIO - RESPONSABILIDADE LIMITADA;FII BRIO III;BRIP;
BRIO REAL ESTATE IV - FUNDO DE INVESTIMENTO IMOBILIÁRIO - RESPONSABILIDADE LIMITADA;FII BRIO IV;BIPD;
BRIO REAL ESTATE V FUNDO DE INVESTIMENTO IMOBILIÁRIO;FII BRIO V;BIPE;
BRPR CORPORATE OFFICES FUNDO DE INVESTIMENTO IMOBILIÁRIO RESPONSABILIDADE LIMITADA;FII BROF;BROF;
BRPR E-TOWER FUNDO DE INVESTIMENTO IMOBILIÁRIO;FII BETW;BETW;
BS2 ALLINVESTMENTS FUNDO DE INVESTIMENTO IMOBILIÁRIO;FII BS2;LLAO;
BTG HOSPITALIDADE RETORNO TOTAL FUNDO DE INVESTIMENTO IMOBILIÁRIO  RESPONSABILIDADE LIMITADA;FII BTHR;BTHR;
BTG HOTÉIS FUNDO DE INVESTIMENTO IMOBILIÁRIO RESPONSABILIDADE LIMITADA;BTG HOTEL FI;BTHI;
BTG PACTUAL AGRO LOGÍSTICA FUNDO DE INVESTIMENTO IMOBILIÁRIO RESPONSABILIDADE LIMITADA;FII BTG AGRO;BTAL;
BTG PACTUAL CORPORATE OFFICE FUND - FUNDO DE INVESTIMENTO IMOBILIÁRIO RESPONSABILIDADE LIMITADA;FII BC FUND;BRCR;
BTG PACTUAL CRÉDITO IMOBILIÁRIO - FUNDO DE CRI - FI IMOBILIÁRIO RESPONSABILIDADE LIMITADA;FII BTG CRI;BTCI;
BTG PACTUAL LOGÍSTICA FUNDO DE INVESTIMENTO IMOBILIÁRIO RESPONSABILIDADE LIMITADA;FII BTLG;BTLG;
BTG PACTUAL REAL ESTATE HEDGE FUND FII - FUNDO DE INVESTIMENTO IMOBILIÁRIO RESPONSABILIDADE LIMITADA;FII BTHF;BTHF;
BTG PACTUAL SHOPPINGS FUNDO DE INVESTIMENTO IMOBILIÁRIO RESPONSABILIDADE LIMITADA;FII BTG SHOP;BPML;
BTG PACTUAL TERRAS AGRÍCOLAS FUNDO DE INVESTIMENTO IMOBILIÁRIO RESPONSABILIDADE LIMITADA;FII BTG TAGR;BTRA;
BTG PACTUAL YOU INC. DESENVOLVIMENTO IMOBILIÁRIO - FUNDO DE INVESTIMENTO IMOBILIÁRIO RESPONSABILIDAD;FII BTYU;BTYU;
BTOWERS FUNDO DE INVESTIMENTO IMOBILIÁRIO RESPONSABILIDADE LIMITADA;FII BTOWERS;BTWR;
BTSP I FUNDO DE INVESTIMENTO IMOBILIÁRIO FII RESPONSABILIDADE LIMITADA;FII BTSP I;BTSG;
BTSP II FUNDO DE INVESTIMENTO IMOBILIÁRIO FII RESPONSABILIDADE LIMITADA;FII BTSP II;BTSI;
CAIXA IMÓVEIS CORPORATIVOS FUNDO DE INVESTIMENTO IMOBILIÁRIO - RESPONSABILIDADE LIMITADA;FII CEF CORP;CXCO;
CAIXA RIO BRAVO FUNDO DE FUNDOS DE INVESTIMENTO IMOBILIARIO - FII;FII CX RBRAV;CXRI;
CAIXA RIO BRAVO FUNDO DE FUNDOS DE INVESTIMENTO IMOBILIÁRIO II;FII CX RBRA2;CRFF;
CANUMA CAPITAL MULTIESTRATÉGIA FUNDO DE INVESTIMENTO IMOBILIÁRIO RESPONSABILIDADE LIMITADA;FII CANUMA;CCME;
CANUMA CAPITAL RENDA VAREJO FUNDO DE INVESTIMENTO IMOBILIÁRIO RESPONSABILIDADE LIMITADA;FII CCVA;CCVA;
CAPITÂNIA HBC RENDA URBANA FUNDO DE INVESTIMENTO IMOBILIÁRIO RESPONSABILIDADE  LIMITADA;FII CPHBC UR;CPUR;
CAPITÂNIA LOGÍSTICA FUNDO DE INVESTIMENTO IMOBILIÁRIO - FII;FII CPLG;CPLG;
CAPITÂNIA OFFICE FII - FUNDO DE INVESTIMENTO IMOBILIÁRIO;FII CPOF;CPOF;
CAPITÂNIA REIT FOF - FUNDO DE INVESTIMENTO IMOBILIÁRIORESPONSABILIDADE LIMITADA;FII CAP REIT;CPFF;
CAPITÂNIA REIT FOF III FUNDO DE INVESTIMENTO IMOBILIÁRIO RESPONSABILIDADE LIMITADA;FII CPHH;CPHH;
CAPITÂNIA SECURITIES II FUNDO DE INVESTIMENTO IMOBILIÁRIO RESPONSABILIDADE LIMITADA;FII CAPI SEC;CPTS;
CAPITÂNIA SHOPPINGS FUNDO DE INVESTIMENTO IMOBILIÁRIO - RESPONSABILIDADE LIMITADA;FII CPSH;CPSH;
CARTESIA RECEBÍVEIS IMOBILIÁRIOS - FUNDO DE INVESTIMENTO IMOBILIÁRIO DE RESPONSABILIDADE LIMITADA;CARTESIA FII;CACR;
CASTELLO BRANCO OFFICE PARK - FUNDO DE INVESTIMENTO IMOBILIÁRIO - RESPONSABILIDADE LIMITADA;FII CBOP PAX;CBOP;
CATUAÍ VBI TRIPLE A FUNDO DE INVESTIMENTO IMOBILIÁRIO - RESPONSABILIDADE LIMITADA;FII BLCA VBI;BLCA;
CENESP FUNDO DE INVESTIMENTO IMOBILIÁRIO RESPONSABILIDADE LIMITADA;FII CENESP;CNES;
CENTRAL REAL ESTATE HIGH YIELD DEBT FUNDO DE INVESTIMENTO IMOBILIÁRIO RESPONSABILIDADE LIMITADA;FII CDHY;CDHY;
CENTRO TÊXTIL INTERNACIONAL FUNDO DE INVESTIMENTO IMOBILIÁRIO DE RESPONSABILIDADE LIMITADA;FII C TEXTIL;CTXT;
CENU - FUNDO DE INVESTIMENTO IMOBILIÁRIO RESPONSABILIDADE LIMITADA;FII CENU;CENU;
CF2 FUNDO DE INVESTIMENTO IMOBILIÁRIO RESPONSABILIDADE LIMITADA;FII CF2;CFHI;
CF3  FUNDO DE INVESTIMENTO IMOBILIÁRIO;FII CF3 IMOB;CFII;
CIDADE JARDIM CONTINENTAL TOWER FUNDO DE INVESTIMENTO IMOBILIÁRIO;FII CJCTOWER;CJCT;
CIX MUIRAQUITAN FUNDO DE INVESTIMENTO IMOBILIÁRIO RESPONSABILIDADE LIMITADA;FII CIXM;CIXM;
CIX RETROFIT FUNDO DE INVESTIMENTO IMOBILIÁRIO RESPONSABILIDADE LIMITADA;FII CIXF;CIXF;
CLAVE ÍNDICES DE PREÇOS FUNDO DE INVESTIMENTO IMOBILIÁRIO RESPONSABILIDADE LIMITADA;FII CLAVE IN;CLIN;
COSMIC FUNDO DE INVESTIMENTO IMOBILIÁRIO DE RESPONSABILIDADE LIMITADA;FII COSMIC;CSMC;
CPV ENERGIA FUNDO DE INVESTIMENTO IMOBILIÁRIO RESPONSABILIDADE LIMITADA;FII RENV;RENV;
CRI INTEGRAL BREI FUNDO DE INVESTIMENTO IMOBILIÁRIO RESPONSABILIDADE LIMITADA;FII BREI;IBCR;
CVPAR FUNDO DE INVESTIMENTO IMOBILIÁRIO DE CRI RESPONSABILIDADE LIMITADA;FII CVPAR;CVPR;
CYRELA CRÉDITO - FUNDO DE INVESTIMENTO IMOBILIÁRIO;FII CYRELA;CYCR;
CYRELA DESENVOLVIMENTO LOGÍSTICO FUNDO DE INVESTIMENTO IMOBILIÁRIO RESPONSABILIDADE LIMITADA;FII CYLD;CYLD;
DAMA FUNDO DE INVESTIMENTO IMOBILIÁRIO RESPONSABILIDADE LIMITADA;FII DAMA;DAMA;
DAYCOVAL REAL ESTATE MULTIESTRATÉGIA FUNDO DE INVESTIMENTO IMOBILIÁRIO DE RESPONSABILIDADE LIMITADA;FII DAYC REM;DAYM;
DAYCOVAL RETROFITS I FUNDO DE INVESTIMENTO IMOBILIÁRIO RESPONSABILIDADE LIMITADA;FII ASA RET;ASRF;
DEL MONTE AJAX FUNDO DE INVESTIMENTO IMOBILIÁRIO - FII DE RESPONSABILIDADE LIMITADA;FII DEL MONT;DLMT;
DEVANT PROPERTIES FUNDO DE INVESTIMENTO IMOBILIÁRIO DE RESPONSABILIDADE LIMITADA;FII DEVA PRO;DPRO;
DEVANT RECEBÍVEIS IMOBILIÁRIOS FUNDO DE INVESTIMENTO IMOBILIÁRIO;FII DEVANT;DEVA;
DIAMANTE FUNDO DE INVESTIMENTO IMOBILIÁRIO RESPONSABILIDADE LIMITADA;FII DIAMANTE;DAMT;
DOVEL FUNDO DE INVESTIMENTO IMOBILIÁRIO - RESPONSABILIDADE LIMITADA;FII DOVEL;DOVL;
EDGE FUNDO DE INVESTIMENTO IMOBILIÁRIO DE RESPONSABILIDADE LIMITADA;FII EDGE;EDGE;
EMET MULTIESTRATÉGIA FUNDO DE INVESTIMENTO I MOBILIÁRIO RESPONSABILIDADE LIMITADA;FII EMET;EMET;
ENERGY RESORT FUNDO DE INVESTIMENTO IMOBILIÁRIO;FII ENERGY;EGYR;
EQI RECEBÍVEIS IMOBILIÁRIOS FUNDO DE INVESTIMENTO IMOBILIÁRIO RESPONSABILIDADE LIMITADA;FII EQI RECE;EQIR;
ESTOQUE RESIDENCIAL E COMERCIAL RIO DE JANEIRO FUNDO DE INVESTIMENTO IMOBILIÁRIO - RESP LIMITADA;FII ESTOQ RJ;ERCR;
EUROPA 105  FUNDO DE INVESTIMENTO IMOBILIÁRIO - RESPONSABILIDADE LIMITADA;FII EUROPA;ERPA;
EVEN II KINEA FUNDO DE INVESTIMENTO IMOBILIÁRIO RESPONSABILIDADE LIMITADA;FII EVEN II;KEVE;
EXES FUNDO DE INVESTIMENTO IMOBILIÁRIO RESPONSABILIDADE LIMITADA;FII EXES;EXES;
FARIA LIMA CAPITAL RECEBÍVEIS IMOBILIÁRIOS I - FUNDO DE INVESTIMENTO IMOBILIÁRIO RESPONSABILIDADE LI;FII FL RECEB;FLCR;
FATOR RENDA URBANA FUNDO DE INVESTIMENTO IMOBILIÁRIO;FII FARU;FARU;
FATOR VERITA FUNDO DE INVESTIMENTO IMOBILIARIO;FII FATOR VE;VRTA;
FATOR VERITÀ MULTIESTRATÉGIA FUNDO DE INVESTIMENTO IMOBILIÁRIO;FII VRTM;VRTM;
FIGTREE RENDA EDUCACIONAL FUNDO DE INVESTIMENTO IMOBILIÁRIO;FII FTRE;FTRE;
FII ANCAR IC;FII ANCAR IC;ANCR;
FII CONTINENTAL SQUARE FARIA LIMA - RESPONSABILIDADE LIMITADA;FII S F LIMA;FLMA;
FII DE DESENVOLVIMENTO DE ESCRITÓRIOS BOUTIQUE RESPONSABILIDADE LIMITADA;FII EGDB;EGDB;
FII ELDORADO FUNDO DE INVESTIMENTO IMOBILIÁRIO - RESPONSABILIDADE LIMITADA;FII ELDORADO;ELDO;
FII EUROPAR;FII EUROPAR;EURO;
FII HIRE PROPERTIES I - FUNDO DE INVESTIMENTO IMOBILIÁRIO;FII HYPI;HYPI;
FII HIRE RESIDENCIAL I - FUNDO DE INVESTIMENTO IMOBILIÁRIO;FII HIRE RES;HRES;
FII MEMORIAL OFFICE;FII MEMORIAL;FMOF;
FII PATRIMONIAL IV;FII PATRI IV;OPTM;
FII TORRE ALMIRANTE;FII TORRE AL;ALMI;
FLORIANO FUNDO DE INVESTIMENTO IMOBILIÁRIO;FII FLNR;FLNR;
FOF JHSF INSTITUCIONAL - FUNDO DE INVESTIMENTO IMOBILIÁRIO RESPONSABILIDADE LIMITADA;FII JCIN;JCIN;
FRAM CAPITAL HELMER MULTIATIVOS RENDA PREFERENCIAL FUNDO DE INVESTIMENTO IMOBILIÁRIO;FII HLMB;HLMB;
FUNDO DE FUNDOS DE INVESTIMENTO IMOBILIÁRIO KINEA FII RESPONSABILIDADE LIMITADA;FII KINEAFOF;KFOF;
FUNDO DE INVESTIMENTO  IMOBILIÁRIO - VBI CRI - RESPONSABILIDADE LIMITADA;FII CVBI VBI;CVBI;
FUNDO DE INVESTIMENTO IMOBILIÁRIO - BLUE RECEBÍVEIS IMOBILIÁRIOS;FII BLUE REC;BLUR;
FUNDO DE INVESTIMENTO IMOBILIÁRIO - DEVANT FUNDO DE FUNDOS IMOBILIÁRIOS DE RESPONSABILIDADE LIMITADA;FII DEVA FOF;DVFF;
FUNDO DE INVESTIMENTO IMOBILIÁRIO - FII ANHANGUERA EDUCACIONAL RESPONSABILIDADE LIMITADA;FII ANH EDUC;FAED;
FUNDO DE INVESTIMENTO IMOBILIÁRIO - FII BRASIL PLURAL ABSOLUTO FUNDO DE FUNDOS;FII ABSOLUTO;BPFF;
FUNDO DE INVESTIMENTO IMOBILIÁRIO - FII CAMPUS FARIA LIMA RESPONSABILIDADE LIMITADA;FII CAMPUSFL;FCFL;
FUNDO DE INVESTIMENTO IMOBILIÁRIO - FII CEO CYRELA COMMERCIAL PROPERTIES RESPONSABILIDADE LIMITADA;FII CEO CCP;CEOC;
FUNDO DE INVESTIMENTO IMOBILIÁRIO - FII EDIFÍCIO ALMIRANTE BARROSO RESPONSABILIDADE LIMITADA;FII ALMIRANT;FAMB;
FUNDO DE INVESTIMENTO IMOBILIÁRIO - FII EDIFÍCIO GALERIA RESPONSABILIADADE LIMITADA;FII GALERIA;EDGA;
FUNDO DE INVESTIMENTO IMOBILIÁRIO - FII FYTO RECEBÍVEIS IMOBILIÁRIOS RESPONSABILIDADE LIMITADA;FII FYTO;FYTO;
FUNDO DE INVESTIMENTO IMOBILIÁRIO - FII HOSPITAL DA CRIANÇA RESPONSABILIDADE LIMITADA;FII CRIANCA;HCRI;
FUNDO DE INVESTIMENTO IMOBILIÁRIO - FII HOSPITAL NOSSA SENHORA DE LOURDES RESPONSABILIDADE LIMITADA;FII LOURDES;NSLU;
FUNDO DE INVESTIMENTO IMOBILIÁRIO - FII MAX RETAIL RESPONSABILIDADE LIMITADA;FII MAX RET;MAXR;
FUNDO DE INVESTIMENTO IMOBILIARIO - FII NOVO HORIZONTE;FII NOVOHORI;NVHO;
FUNDO DE INVESTIMENTO IMOBILIÁRIO - FII PARQUE DOM PEDRO SHOPPING CENTER RESPONSABILIDADE LIMITADA;FII D PEDRO;PQDP;
FUNDO DE INVESTIMENTO IMOBILIÁRIO - FII RBR DESENVOLVIMENTO III RESPONSABILIDADE LIMITADA;FII RBR III;RBRI;
FUNDO DE INVESTIMENTO IMOBILIÁRIO - FII RBR DESENVOLVIMENTO IV RESPONSABILIDADE LIMITADA;FII RBRDESIV;RDIV;
FUNDO DE INVESTIMENTO IMOBILIARIO - FII RBR RENDIMENTO HIGH GRADE RESPONSABILIDADE LIMITADA;FII RBRHGRAD;RBRR;
FUNDO DE INVESTIMENTO IMOBILIÁRIO - FII REC RECEBÍVEIS IMOBILIÁRIOS - RESPONSABILIDADE LIMITADA;FII REC RECE;RECR;
FUNDO DE INVESTIMENTO IMOBILIÁRIO - FII REC RENDA IMOBILIÁRIA - RESPONSABILIDADE LIMITADA;FII REC REND;RECT;
FUNDO DE INVESTIMENTO IMOBILIÁRIO - FII SHOPPING PARQUE D. PEDRO RESPONSABILIDADE LIMITADA;FII SHOP PDP;SHDP;
FUNDO DE INVESTIMENTO IMOBILIÁRIO - FII TORRE NORTE;FII TORRE NO;TRNT;
FUNDO DE INVESTIMENTO IMOBILIÁRIO APEX REALTY - FII;FII APXR;APXR;
FUNDO DE INVESTIMENTO IMOBILIÁRIO BR HOTÉIS;FII BRHOTEIS;BRHT;
FUNDO DE INVESTIMENTO IMOBILIÁRIO CAIXA AGÊNCIAS - RESPONSABILIDADE LIMITADA;FII CAIXA AG;CXAG;
FUNDO DE INVESTIMENTO IMOBILIÁRIO CAIXA CARTEIRA IMOBILIÁRIA;FII CAIXA CI;CXCI;
FUNDO DE INVESTIMENTO IMOBILIARIO CAIXA CEDAE;FII CX CEDAE;CXCE;
FUNDO DE INVESTIMENTO IMOBILIARIO CAIXA SEQ LOGISTICA RENDA;FII CX TRX;CXTL;
FUNDO DE INVESTIMENTO IMOBILIÁRIO DE UNIDADES AUTÔNOMAS IV;FII IDUA;IDUA;
FUNDO DE INVESTIMENTO IMOBILIÁRIO DEVELOPMENT V1 RESPONSABILIDADE LIMITADA;FII DEV ONE;LKDV;
FUNDO DE INVESTIMENTO IMOBILIÁRIO EDIFÍCIO OURINVEST - RESPONSABILIDADE LIMITADA;FII OURINVES;EDFO;
FUNDO DE INVESTIMENTO IMOBILIÁRIO GREEN TOWERS RESPONSABILIDADE LIMITADA;FII G TOWERS;GTWR;
FUNDO DE INVESTIMENTO IMOBILIÁRIO HBC RENDA URBANA;FII HBC REN;HBCR;
FUNDO DE INVESTIMENTO IMOBILIÁRIO HOSPITAL UNIMED CAMPINA GRANDE;FII UNIMED C;HUCG;
FUNDO DE INVESTIMENTO IMOBILIARIO HOSPITAL UNIMED SUL CAPIXABA;FII H UNIMED;HUSC;
FUNDO DE INVESTIMENTO IMOBILIÁRIO HOUSI RESPONSABILIDADE LIMITADA;FII HOUSI;HOSI;
FUNDO DE INVESTIMENTO IMOBILIARIO INDUSTRIAL DO BRASIL;FII INDL BR;FIIB;
FUNDO DE INVESTIMENTO IMOBILIÁRIO INFRA REAL ESTATE - FII RESPONSABILIDADE LIMITADA;FII INFRA RE;FINF;
FUNDO DE INVESTIMENTO IMOBILIÁRIO IRIDIUM RECEBÍVEIS IMOBILIÁRIOS RESPONSABILIDADE LIMITADA;FII IRIDIUM;IRDM;
FUNDO DE INVESTIMENTO IMOBILIÁRIO MACAM SHOPPING RESPONSABILIDADE LIMITADA;FII BLUE;BLUE;
FUNDO DE INVESTIMENTO IMOBILIÁRIO MAUÁ CAPITAL MPD DESENVOLVIMENTO RESIDENCIAL RESP LIMITADA;FII MAUA MPD;MMPD;
FUNDO DE INVESTIMENTO IMOBILIÁRIO MAUÁ CAPITAL RECEBÍVEIS IMOBILIÁRIOS - FII RESPONSABILIDADE LIMITA;FII MAUA;MCCI;
FUNDO DE INVESTIMENTO IMOBILIÁRIO OURINVEST LOGÍSTICA - RESPONSABILIDADE LIMITADA;FII OURILOG;OULG;
FUNDO DE INVESTIMENTO IMOBILIÁRIO OURINVEST RE I - RESPONSABILIDADE LIMITADA;FII WTC SP;WTSP;
FUNDO DE INVESTIMENTO IMOBILIÁRIO PANAMBY;FII PANAMBY;PABY;
FUNDO DE INVESTIMENTO IMOBILIÁRIO PATRIMONIAL V RESPONSABILIDADE LIMITADA;FII VOTP V;VTPA;
FUNDO DE INVESTIMENTO IMOBILIÁRIO PEDRA NEGRA RENDA IMOBILIÁRIA - RESPONSABILIDADE LIMITADA;FII P NEGRA;FPNG;
FUNDO DE INVESTIMENTO IMOBILIÁRIO PLUS RESPONSABILIDADE LIMITADA;FII PLUS;VTPL;
FUNDO DE INVESTIMENTO IMOBILIARIO POLO ESTOQUE II RESPONSABILIDADE LIMITADA;FII POLO II;ESTQ;
FUNDO DE INVESTIMENTO IMOBILIÁRIO POLO SHOPPING INDAIATUBA - RESPONSABILIDADE LIMITADA;FII POLO SHO;VPSI;
FUNDO DE INVESTIMENTO IMOBILIÁRIO RBR CRÉDITO IMOBILIÁRIO ESTRUTURADO RESPONSABILIDADE LIMITADA;FII RBR PCRI;RBRY;
FUNDO DE INVESTIMENTO IMOBILIÁRIO RBR CRÉDITO PULVERIZADO RESPONSABILIDADE LIMITADA;FII PULV;PULV;
FUNDO DE INVESTIMENTO IMOBILIÁRIO RBR PROPERTIES - FII RESPONSABILIDADE LIMITADA;FII RBR PROP;RBRP;
FUNDO DE INVESTIMENTO IMOBILIÁRIO REC LOGÍSTICA - RESPONSABILIDADE  LIMITADA;FII REC LOG;RELG;
FUNDO DE INVESTIMENTO IMOBILIÁRIO RIZA TERRAX;FII RIZA TX;RZTR;
FUNDO DE INVESTIMENTO IMOBILIÁRIO ROOFTOP I RESPONSABILIDADE LIMITADA;FII ROOFTOPI;ROOF;
FUNDO DE INVESTIMENTO IMOBILIÁRIO ROOFTOP III RESPONSABILIDADE LIMITADA;FII HOMS;HOMS;
FUNDO DE INVESTIMENTO IMOBILIÁRIO SC 401 - RESPONSABILIDADE LIMITADA;FII SC 401;FISC;
FUNDO DE INVESTIMENTO IMOBILIARIO SIA CORPORATE RESPONSABILIDADE LIMITADA;FII SIA CORP;SAIC;
FUNDO DE INVESTIMENTO IMOBILIÁRIO SMART REAL ESTATE - FII RESPONSABILIDADE LIMITADA;FII SMRE;SMRE;
FUNDO DE INVESTIMENTO IMOBILIÁRIO SOFIA;FII SOFF;SOFF;
FUNDO DE INVESTIMENTO IMOBILIÁRIO SUCCESPAR VAREJO RESPONSABILIDADE LIMITADA;FII S VAREJO;SPVJ;
FUNDO DE INVESTIMENTO IMOBILIÁRIO TG ATIVO REAL;FII TG ATIVO;TGAR;
FUNDO DE INVESTIMENTO IMOBILIÁRIO TG RENDA URBANA - RESPONSABILIDADE LIMITADA;FII TGRU;TGRU;
FUNDO DE INVESTIMENTO IMOBILIÁRIO VBI LOGÍSTICO - RESPONSABILIDADE LIMITADA;FII LVBI VBI;LVBI;
FUNDO DE INVESTIMENTO IMOBILIÁRIO VBI PRIME PROPERTIES - RESPONSABILIDADE LIMITADA;FII PVBI VBI;PVBI;
FUNDO DE INVESTIMENTO IMOBILIÁRIO VBI RENDIMENTOS IMOBILIÁRIOS I - RESPONSABILIDADE LIMITADA;FII BARI VBI;BARI;
FUNDO DE INVESTIMENTO IMOBILIÁRIO VEREDA - FII RESPONSABILIDADE LIMITADA;FII VEREDA;VERE;
FUNDO DE INVESTIMENTO IMOBILIÁRIO VIDA NOVA - FII - RESPONSABILIDADE LIMITADA;FII VIDANOVA;FIVN;
FUNDO DE INVESTIMENTO IMOBILIÁRIO VOTORANTIM LOGÍSTICA RESPONSABILIDADE LIMITADA;FII VOT LOG;VTLT;
FUNDO DE INVESTIMENTO IMOBILIARIO VOTORANTIM PATRIMONIAL XII;FII VOTP XII;VTXI;
FUNDO DE INVESTIMENTO IMOBILIÁRIO VOTORANTIM SHOPPING;FII VOT SHOP;VSHO;
FUNDO DE INVESTIMENTO IMOBILIÁRIO XP PRIVATE EQUITY REAL ESTATE - FEEDER;FII XPRE;XPRE;
FUNDO DE INVESTIMENTOS  IMOBILIÁRIOS DE PERMUTA FINANCEIRA LOTE5 MEZANINO RESPONSABILIDADE  LIMITADA;FII BMLT;BMLT;
FUNDO DE INVESTIMENTOS IMOBILIÁRIO DO CAMPREV PARA SUSTENTABILIDADE PREVIDENCIÁRIA DO MUNICÍPIO;FII FIIC;FIIC;
FUNDO DE INVESTIMENTOS IMOBILIÁRIOS DE PERMUTA FINANCEIRA LOTE5 (SENIOR) RESPONSABILIDADE LIMITADA;FII BSLT;BSLT;
G5 CIDADE NOVA FUNDO DE INVESTIMENTO IMOBILIÁRIO;FII TOUR V;TCIN;
GALAPAGOS CRÉDITO ESTRUTURADO PRAZO DETERMINADO FUNDO DE INVESTIMENTO IMOBILIÁRIO RESP LIMITADA;FII GLCR;GLCR;
GALAPAGOS DESENVOLVIMENTO LOGÍSTICO FUNDO DE INVESTIMENTO IMOBILIÁRIO RESPONSABILIDADE LIMITADA;FII GCDL;GCDL;
GALAPAGOS FEEDER DESENVOLVIMENTO LOGÍSTICO FUNDO DE INVESTIMENTO IMOBILIÁRIO RESPONSABILIDADE LIMITA;FII GFDL;GFDL;
GALAPAGOS FEEDER LOGÍSTICO FUNDO DE INVESTIMENTO IMOBILIÁRIO RESPONSABILIDADE LIMITADA;FII GLPF;GLPF;
GALAPAGOS RECEBÍVEIS IMOBILIÁRIOS FUNDO DE INVESTIMENTO IMOBILIÁRIO RESPONSABILIDADE LIMITADA;FII GLPG CRI;GCRI;
GALAPAGOS SPECIAL OPORTUNITIES FUNDO DE INVESTIMENTO IMOBILIÁRIO;FII GALAP SP;GCOI;
GAZIT MALLS FUNDO DE INVESTIMENTO IMOBILIÁRIO RESPONSABILIDADE LIMITADA;FII GAZIT;GZIT;
GENERAL SHOPPING ATIVO E RENDA FUNDO DE INVESTIMENTO IMOBILIÁRIO;FII GEN SHOP;FIGS;
GENERAL SHOPPING E OUTLETS DO BRASIL FUNDO DE INVESTIMENTO IMOBILIÁRIO RESPONSABILIDADE LIMITADA;FII GENERAL;GSFI;
GENESIS MULTIESTRATÉGIA FUNDO DE INVESTIMENTO IMOBILIÁRIO - FII;FII VX XVI;VXXV;
GENIAL LOGÍSTICA FUNDO DE INVESTIMENTO IMOBILIÁRIO;FII PLURAL L;GLOG;
GENIAL MALLS FUNDO DE INVESTIMENTO IMOBILIÁRIO;FII MALLS BP;MALL;
GGR COVEPI RENDA FUNDO DE INVESTIMENTO IMOBILIÁRIO - RESPONSABILIDADE LIMITADA;FII GGRCOVEP;GGRC;
GRAND PLAZA SHOPPING FUNDO DE INVESTIMENTO IMOBILIÁRIO - RESPONSABILIDADE LIMITADA;FII ABC IMOB;ABCP;
GRUPO RCFA FUNDO DE INVESTIMENTO IMOBILIARIO;FII GP RCFA;RCFA;
GUARDIAN MULTIESTRATÉGIA IMOBILIÁRIA I FII DE RESPONSABILIDADE LIMITADA;FII GUARD MU;GAME;
GUARDIAN REAL ESTATE FUNDO DE INVESTIMENTO IMOBILIÁRIO DE RESPONSABILIDADE LIMITADA;FII GUARDIAN;GARE;
HABITAT RECEBÍVEIS PULVERIZADOS FUNDO DE INVESTIMENTO IMOBILIÁRIO RESPONSABILIDADE LIMITADA;FII HABIT II;HABT;
HAZ FUNDO DE INVESTIMENTO IMOBILIÁRIO;FII HAZ;ATCR;
HCO OPPS AERO I FII DE RESPONSABILIDADE LIMITADA;FII AERO;AERO;
HECTARE CE FUNDO DE INVESTIMENTO IMOBILIÁRIO RESPONSABILIDADE LIMITADA;FII HECTARE;HCTR;
HECTARE DESENVOLVIMENTO STUDENT HOUSING - FUNDO DE INVESTIMENTO IMOBILIÁRIO RESPONSABILIDADE LIMITAD;FII HECT DES;HCST;
HECTARE RECEBÍVEIS HIGH GRADE FUNDO DE INVESTIMENTO IMOBILIÁRIO - FII - RESP LIMITADA;FII HECT CRI;HCHG;
HEDGE AAA FUNDO DE INVESTIMENTO IMOBILIÁRIO;FII HEDGEAAA;HAAA;
HEDGE ATRIUM SHOPPING SANTO ANDRÉ FUNDO DE INVESTIMENTO IMOBILIÁRIO;FII HATRIUM;ATSA;
HEDGE BRASIL LOGÍSTICO INDUSTRIAL FUNDO DE INVESTIMENTO IMOBILIÁRIO DE RESPONSABILIDADE LIMITADA;FII HGBL;HGBL;
HEDGE BRASIL SHOPPING FUNDO DE INVESTIMENTO IMOBILIÁRIO;FII HEDGEBS;HGBS;
HEDGE DESENVOLVIMENTO LOGÍSTICO FUNDO DE INVESTIMENTO IMOBILIÁRIO;FII HEDGE DV;HDEL;
HEDGE FLORIPA SHOPPING FUNDO DE INVESTIMENTO IMOBILIÁRIO;FII FLORIPA;FLRP;
HEDGE LOGÍSTICA FUNDO DE INVESTIMENTO IMOBILIÁRIO;FII HEDGELOG;HLOG;
HEDGE OFFICE INCOME FUNDO DE INVESTIMENTO IMOBILIÁRIO;FII HOFFICEI;HOFC;
HEDGE PALADIN DESIGN OFFICES FUNDO DE INVESTIMENTO IMOBILIÁRIO;FII HEDGE OF;HDOF;
HEDGE REALTY DEVELOPMENT FUNDO DE INVESTIMENTO IMOBILIÁRIO;FII HREALTY;HRDF;
HEDGE RECEBÍVEIS IMOBILIÁRIOS FUNDO DE INVESTIMENTO IMOBILIÁRIO;FII HEDGEREC;HREC;
HEDGE SEED FUNDO DE INVESTIMENTO IMOBILIARIO;FII HEDGE SD;SEED;
HEDGE SHOPPING PARQUE DOM PEDRO FUNDO DE INVESTIMENTO IMOBILIÁRIO;FII HEDGEPDP;HPDP;
HEDGE TOP FOFII 3 FUNDO DE INVESTIMENTO IMOBILIÁRIO;FII HTOPFOF3;HFOF;
HEDGE YEES HABITAÇÕES ECONÔMICAS FUNDO DE INVESTIMENTO IMOBILIÁRIO DE RESPONSABILIDADE LIMITADA;FII YEES;YEES;
HGI CRÉDITOS IMOBILIÁRIOS FUNDO DE INVESTIMENTO IMOBILIÁRIO RESPONSABILIDADE LIMITADA;FII HGI CRI;HGIC;
HIRE LOG I - FUNDO DE INVESTIMENTO IMOBILIÁRIO;FII HIRE LOG;HILG;
HOTEL MAXINVEST FUNDO DE INVESTIMENTO IMOBILIÁRIO RESPONSABILIDADE LIMITADA;FII HOTEL MX;HTMX;
HSI ATIVOS FINANCEIROS FUNDO DE INVESTIMENTO IMOBILIÁRIO DE RESP LIMITADA;FII HSI CRI;HSAF;
HSI LOGÍSTICA FUNDO DE INVESTIMENTO IMOBILIÁRIO DE RESP LIMITADA;FII HSI LOG;HSLG;
HSI MALLS FUNDO DE INVESTIMENTO IMOBILIÁRIO DE RESPONSABILIDADE LIMITADA;FII HSI MALL;HSML;
HSI RENDA IMOBILIÁRIA FUNDO DE INVESTIMENTO IMOBILIÁRIO DE RESP LIMITADA;FII HSIRENDA;HSRE;
HUSI FUNDO DE INVESTIMENTO IMOBILIÁRIO;FII HUSI;HUSI;
ICATU VANGUARDA CRÉDITO IMOBILIÁRIO FUNDO DE INVESTIMENTO IMOBILIÁRIO - RESPONSABILIDADE LIMITADA;FII IVCI;IVCI;
ICATU VANGUARDA GRU  LOGÍSTICO FUNDO DE INVESTIMENTO IMOBILIÁRIO - RESPONSABILIDADE LIMITADA;FII GRUL;GRUL;
ÍCONE - FUNDO DE INVESTIMENTO IMOBILIÁRIO RESPONSABILIDADE LIMITADA;FII ICNE;ICNE;
INTER DESENVOLVIMENTO FUNDO DE INVESTIMENTO IMOBILIÁRIO RESPONSABILIDADE LIMITADA;FII INDE;INDE;
INTER LOGÍSTICO FUNDO DE INVESTIMENTO IMOBILIÁRIO FII RESPONSABILIDADE LIMITADA;FII INTER LG;INLG;
INTER OPORTUNIDADE IMOBILIÁRIA FUNDO DE INVESTIMENTO IMOBILIÁRIO - RESPONSABILIDADE LIMITADA;FII INOI;INOI;
INTER RESIDENCE FUNDO DE INVESTIMENTO IMOBILIÁRIO FII RESPONSABILIDADE LIMITADA;FII INTER RD;INRD;
INTER TEVA ÍNDICE DE PAPEL FUNDO DE INVESTIMENTO IMOBILIÁRIO FII RESPONSABILIDADE LIMITADA;FII INTER IP;ITIP;
INTER TEVA ÍNDICE DE TIJOLO FUNDO DE INVESTIMENTO IMOBILIÁRIO FII RESPONSABILIDADE LIMITADA;FII INTER IT;ITIT;
INVISTA BRAZILIAN BUSINESS PARK FUNDO DE INVESTIMENTO IMOBILIÁRIO;FII IBBP;IBBP;
INVISTA SCJ FUNDO DE INVESTIMENTO IMOBILIÁRIO - RESPONSABILIDADE LIMITADA;FII ISCJ;ISCJ;
IRIDIUM FUNDO DE INVESTIMENTO IMOBILIÁRIO RESPONSABILIDADE LIMITADA;FII IRIM;IRIM;
ITAÚ CRÉDITO IMOBILIÁRIO IPCA FUNDO DE INVESTIMENTO IMOBILIÁRIO RESPONSABILIDADE LIMITADA;FII CI IPCA;ICRI;
ITAÚ TEMPUS FUNDO DE INVESTIMENTO IMOBILIÁRIO RESPONSABILIDADE LIMITADA;FII ITAU TEM;TMPS;
ITAÚ TOTAL RETURN FUNDO DE INVESTIMENTO IMOBILIÁRIO RESPONSABILIDADE LIMITADA;FII ITRI;ITRI;
JACARANDÁ 02 FUNDO DE INVESTIMENTO IMOBILIÁRIO RESPONSABILIDADE LIMITADA;FII JCDB 02;JCDB;
JACARANDÁ I FUNDO DE INVESTIMENTO IMOBILIÁRIO - RESPONSABILIDADE LIMITADA;FII JCDA I;JCDA;
JASC RENDA VAREJO ESSENCIAL FUNDO DE INVESTIMENTO IMOBILIÁRIO RESPONSABILIDADE LIMITADA;FII JASC REN;JASC;
JBFO FOF FUNDO DE INVESTIMENTO IMOBILIÁRIO;FII JBFO FOF;JBFO;
JFDCAM - FUNDO DE INVESTIMENTO IMOBILIÁRIO - FII;FII JFDCAM;VJFD;
JFL LIVING FUNDO DE INVESTIMENTO IMOBILIÁRIO RESPONSABILIDADE LIMITADA;FII JFL LIV;JFLL;
JHSF CAPITAL CIDADE JARDIM - FUNDO DE INVESTIMENTO IMOBILIÁRIO RESPONSABILIDADE LIMITADA;FII JHSF CJ;JCCJ;
JPP CAPITAL FUNDO DE INVESTIMENTO IMOBILIÁRIO - FII;FII JPP CAPI;JPPC;
JPP CAPITAL RECEBÍVEIS IMOBILIÁRIOS FUNDO DE INVESTIMENTO IMOBILIÁRIO DE  RESPONSABILIDADE LIMITADA;FII JPPA CRI;JPPA;
JS ATIVOS FINANCEIROS FUNDO DE INVESTIMENTO IMOBILIÁRIO - RESPONSABILIDADE LIMITADA;FII JS A FIN;JSAF;
JS REAL ESTATE MULTIGESTÃO FUNDO DE INVESTIMENTO IMOBILIÁRIO - RESPONSABILIDADE LIMITADA;FII JS REAL;JSRE;
JS RECEBÍVEIS IMOBILIÁRIOS FUNDO DE INVESTIMENTO IMOBILIÁRIO;FII JSCR;JSCR;
JT PREV FUNDO DE INVESTIMENTO IMOBILIÁRIO D. HAB;FII JT PREV;JTPR;
JUBARTE BGS LOGÍSTICA DE GRÃOS DESENVOLVIMENTO FII RESPONSABILIDADE LIMITADA;FII BGS1;BGS1;
KILIMA FUNDO DE INVESTIMENTO EM COTAS DE FUNDOS IMOBILIÁRIOS SUNO 30 RESPONSABILIDADE LIMITADA;FII KILIMA;KISU;
KILIMA VOLKANO RECEBÍVEIS IMOBILIÁRIOS FUNDO DE INVESTIMENTO IMOBILIÁRIO - RESPONSABILIDADE LIMITADA;FII KIVO;KIVO;
KINEA AQUISIÇÕES RESIDENCIAIS FUNDO DE INVESTIMENTO IMOBILIÁRIO - RESPONSABILIDADE LIMITADA;FII KRES;KRES;
KINEA CREDITAS FUNDO DE INVESTIMENTO IMOBILIÁRIO RESPONSABILIDADE LIMITADA;FII KINEA CR;KCRE;
KINEA DESENVOLVIMENTO GUARARÁ FUNDO DE INVESTIMENTO IMOBILIÁRIO RESPONSABILIDADE LIMITADA;FII KNGR;KNGR;
KINEA DESENVOLVIMENTO GUARARÁ JARDINS FUNDO DE INVESTIMENTO IMOBILIÁRIO RESPONSABILIDADE LIMITADA;FII KGUJ;KGUJ;
KINEA DESENVOLVIMENTO LOGÍSTICO FUNDO DE INVESTIMENTO IMOBILIÁRIO RESPONSABILIDADE LIMITADA;FII KINEA DL;KLOG;
KINEA FÊNIX FUNDO DE INVESTIMENTO IMOBILIÁRIO - RESPONSABILIDADE LIMITADA;FII KFEN;KFEN;
KINEA HEDGE FUND FUNDO DE INVESTIMENTO IMOBILIÁRIO - RESPONSABILIDADE LIMITADA;FII KINEA HF;KNHF;
KINEA HIGH YIELD CRI FUNDO DE INVESTIMENTO IMOBILIÁRIO  RESPONSABILIDADE LIMITADA;FII KINEA HY;KNHY;
KINEA II REAL ESTATE EQUITY FUNDO DE INVESTIMENTO IMOBILIÁRIO RESPONSABILIDADE LIMITADA;FII KII REAL;KNRE;
KINEA ÍNDICES DE PREÇOS FUNDO DE INVESTIMENTO IMOBILIÁRIO RESPONSABILIDADE LIMITADA;FII KINEA IP;KNIP;
KINEA OPORTUNIDADES IMOBILIÁRIAS I FUNDO DE INVESTIMENTO IMOBILIÁRIO - RESPONSABILIDADE LIMITADA;FII KOPI;KOPI;
KINEA OPORTUNIDADES REAL ESTATE FUNDO DE INVESTIMENTO IMOBILIÁRIO - RESPONSABILIDADE LIMITADA;FII KORE;KORE;
KINEA PREMIUM PROPERTIES FUNDO DE INVESTIMENTO IMOBILIÁRIO - RESPONSABILIDADE LIMITADA;FII KINEA PR;KNPR;
KINEA PRIME RESIDENCIAL I FUNDO DE INVESTIMENTO IMOBILIÁRIO DE RESPONSABILIDADE LIMITADA;FII KPMR;KPMR;
KINEA PRIME RESIDENCIAL I PVT FUNDO DE INVESTIMENTO IMOBILIÁRIO DE RESPONSABILIDADE LIMITADA;FII KPRP;KPRP;
KINEA RENDA IMOBILIÁRIA FUNDO DE INVESTIMENTO IMOBILIÁRIO RESPONSABILIDADE LIMITADA;FII KINEA;KNRI;
KINEA RENDIMENTOS IMOBILIÁRIOS FUNDO DE INVESTIMENTO IMOBILIÁRIO RESPONSABILIDADE LIMITADA;FII KINEA RI;KNCR;
KINEA SECURITIES FUNDO DE INVESTIMENTO IMOBILIÁRIO RESPONSABILIDADE LIMITADA;FII KINEA SC;KNSC;
KINEA UNIQUE HY CDI FUNDO DE INVESTIMENTO IMOBILIÁRIO RESPONSABILIDADE LIMITADA;FII KINEA UN;KNUQ;
LAGO DA PEDRA - FUNDO DE INVESTIMENTO IMOBILIÁRIO;FII LAGO PDR;LPLP;
LAV SLDZ DESENVOLVIMENTO IMOBILIÁRIO FUNDO DE INVESTIMENTO IMOBILIÁRIO;FII LAV SLDZ;SLDZ;
LCP REAL ESTATE DEVELOPMENT FUNDO DE INVESTIMENTO IMOBILIÁRIO RESPONSABILIDADE LIMITADA;FII LRED;LRED;
LCP SPECIAL OPPORTUNITIES I FUNDO DE INVESTIMENTO IMOBILIÁRIO RESPONSABILIDADE LIMITADA;FII LSOI;LSOI;
LEBLON REALTY DESENVOLVIMENTO I FUNDO DE INVESTIMENTO IMOBILIÁRIO RESPONSABILIDADE LIMITADA;FII LEBLON;LRDI;
LEGATUS FUNDO DE INVESTIMENTO IMOBILIÁRIO RESPONSABILIDADE LIMITADA;FII LEGATUS;LASC;
LIFE CAPITAL PARTNERS FUNDO DE INVESTIMENTOS IMOBILIÁRIOS;FII LIFE;LIFE;
LOFT I FUNDO DE INVESTIMENTO IMOBILIÁRIO RESPONSABILIDADE LIMITADA;FII LOFT I;LOFT;
LOFT II FUNDO DE INVESTIMENTO IMOBILIÁRIO RESPONSABILIDADE LIMITADA;FII LOFT II;LFTT;
MAG MULTIESTRATÉGIA CLASSE DE INVESTIMENTO IMOBILIÁRIO RESPONSABILIDADE LIMITADA;FII MAGM;MAGM;
MANATÍ CAPITAL HEDGE FUND FUNDO DE INVESTIMENTO IMOBILIÁRIO DE RESPONSABILIDADE LIMITADA;FII MANATI;MANA;
MARESIAS FUNDO DE INVESTIMENTO IMOBILIÁRIO;FII MMVE OP;MMVE;
MAUÁ CAPITAL LOGÍSTICA FUNDO DE INVESTIMENTO IMOBILIÁRIO - RESPONSABILIDADE LIMITADA;FII MCLO;MCLO;
MAUÁ CAPITAL REAL ESTATE FUNDO DE INVESTIMENTO IMOBILIÁRIO RESPONSABILIDADE LIMITADA;FII MAUA RE;MCRE;
MAXI RENDA FUNDO DE INVESTIMENTO IMOBILIÁRIO - FII - RESPONSABILIDADE LIMITADA;FII MAXI REN;MXRF;
MÉRITO CEMITÉRIOS FII - FUNDO DE INVESTIMENTO IMOBILIÁRIO RESPONSABILIDADE LIMITADA;FII MCEM;MCEM;
MERITO DESENVOLVIMENTO IMOBILIARIO I FII - FUNDO DE INVESTIMENTO IMOBILIARIO;FII MERITO I;MFII;
MINHA CASA FINANCIADA FUNDO DE INVESTIMENTO IMOBILIÁRIO DE RESPONSABILIDADE LIMITADA;FII MCFY;MCFY;
MOGNO HOTÉIS - FUNDO DE INVESTIMENTO IMOBILIÁRIO RESPONSABILIDADE LIMITADA;FII MOGNO HT;MGHT;
MOGNO PROPERTIES FUNDO DE INVESTIMENTO IMOBILIÁRIO RESPONSABILIDADE LIMITADA;FII MGRI;MGRI;
MOSO FUNDO DE INVESTIMENTO IMOBILIÁRIO RESPONSABILIDADE LIMITADA;FII MOSO;MOSO;
MULTI SHOPPINGS FUNDO DE INVESTIMENTO IMOBILIÁRIO RESPONSABILIDADE LIMITADA;FII MULTSHOP;SHOP;
MULTIGESTÃO RENDA COMERCIAL FUNDO DE INVESTIMENTO IMOBILIÁRIO DE RESPONSABILIDADE LIMITADA;FII MTGESTAO;DRIT;
MULTIOFFICES 2 - FUNDO DE INVESTIMENTO IMOBILIÁRIO - RESPONSABILIDADE LIMITADA;FII MULT OF2;MOFF;
NAVI CRÉDITO IMOBILIÁRIO FUNDO DE INVESTIMENTO IMOBILIÁRIO - RESPONSABILIDADE LIMITADA;FII NAVI CRI;NCRI;
NAVI IMOBILIÁRIO TOTAL RETURN FUNDO DE INVESTIMENTO IMOBILIÁRIO RESPONSABILIDADE LIMITADA;FII NAVI TOT;NAVT;
NAVI REAL ESTATE SELECTION 2 FUNDO DE INVESTIMENTO IMOBILIÁRIO;INTERMED NT;N4V1;
NAVI RESIDENCIAL FUNDO DE INVESTIMENTO IMOBILIÁRIO - RESPONSABILIDADE  LIMITADA;FII NAVI RSD;APTO;
NEST EAGLE FUNDO DE INVESTIMENTO IMOBILIÁRIO DE RESPONSABILIDADE LIMITADA;FII EAGL;EAGL;
NEWPORT LOGÍSTICA FUNDO DE INVESTIMENTO IMOBILIÁRIO;FII NEWPORT;NEWL;
NEWPORT RENDA URBANA FUNDO DE INVESTIMENTO IMOBILIÁRIO - FII;FII NEWRU;NEWU;
NOVA I - FUNDO DE INVESTIMENTO IMOBILIÁRIO - RESPONSABILIDADE LIMITADA;FII NOVA I;NVIF;
OCTO FUNDO DE INVESTIMENTO IMOBILIÁRIO RESPONSABILIDADE LIMITADA;FII OCTO;OCRE;
ONDA DESENVOLVIMENTO IMOBILIÁRIO FUNDO DE INVESTIMENTO IMOBILIÁRIO;FII ONDV;ONDV;
OPEN K ATIVOS E RECEBIVEIS IMOBILIARIOS - FUNDO DE INVESTIMENTO IMOBILIARIO;FII ATRIO;ARRI;
OPPORTUNITY BALASSIANO FUNDO DE INVESTIMENTO IMOBILIÁRIO -  RESPONSABILIDADE LIMITADA;FII OPPBAL;OBAL;
OPPORTUNITY FUNDO DE INVESTIMENTO IMOBILIÁRIO -  RESPONSABILIDADE LIMITADA;FII OPPORTUN;FTCE;
OURINVEST JPP FUNDO DE INVESTIMENTO IMOBILIÁRIO DE  RESPONSABILIDADE LIMITADA;FII OURI JPP;OUJP;
PANORAMA CRÉDITO RESIDENCIAL FUNDO DE INVESTIMENTO IMOBILIÁRIO RESPONSABILIDADE LIMITADA;FII PNCR;PNCR;
PANORAMA DESENVOLVIMENTO LOGÍSTICO - FUNDO DE INVESTIMENTO IMOBILIÁRIO - RESPONSABILIDADE LIMITADA;FII PANORAMA;PNDL;
PANORAMA LAST MILE SBC - FUNDO DE INVESTIMENTO IMOBILIÁRIO RESPONSABILIDADE LIMITADA;FII LASTMILE;PNLM;
PANORAMA PROPERTIES FUNDO DE INVESTIMENTO IMOBILIÁRIO;FII PAN PROP;PNPR;
PANORAMA REAL ESTATE CRÉDITO FUNDO DE INVESTIMENTO IMOBILIÁRIO RESPONSABILIDADE LIMITADA;FII PNRC;PNRC;
PARAMIS HEDGE FUND FUNDO DE INVESTIMENTO IMOBILIÁRIO - FII RESPONSABILIDADE LIMITADA;FII PMIS;PMIS;
PARKING PARTNERS FUNDO DE INVESTIMENTO IMOBILIÁRIO - FII - RESP LIMITADA;FII PARK PAR;VTVI;
PARQUE ANHANGUERA FUNDO DE INVESTIMENTO IMOBILIÁRIO;FII PARQ ANH;PQAG;
PATAGÔNIA CAPITAL MULTIESTRATÉGIA FUNDO DE INVESTIMENTO IMOBILIÁRIO;FII PATA;PATA;
PATEO BANDEIRANTES - FUNDO DE INVESTIMENTO IMOBILIÁRIO RESPONSABILIDADE LIMITADA;FII PTO BAND;PATB;
PÁTRIA EDIFÍCIOS CORPORATIVOS - FUNDO DE INVESTIMENTO IMOBILIÁRIO - RESPONSABILIDADE LIMITADA;FII PATC VBI;PATC;
PATRIA ESCRITÓRIOS - FUNDO DE INVESTIMENTO IMOBILIÁRIO - RESPONSABILIDADE LIMITADA;FII HGRE PAX;HGRE;
PATRIA IMOBILIÁRIO FOF - FUNDO DE INVESTIMENTO IMOBILIÁRIO - RESPONSABILIDADE LIMITADA;FII HGFF PAX;HGFF;
PÁTRIA LOG - FUNDO DE INVESTIMENTO IMOBILIÁRIO - RESPONSABILIDADE LIMITADA;FII HGLG PAX;HGLG;
PÁTRIA LOGÍSTICA FUNDO DE INVESTIMENTO IMOBILIÁRIO;FII PATL VBI;PATL;
PATRIA PRIME OFFICES - FUNDO DE INVESTIMENTO IMOBILIÁRIO - RESPONSABILIDADE LIMITADA;FII HGPO PAX;HGPO;
PÁTRIA RECEBÍVEIS IMOBILIÁRIOS - FUNDO DE INVESTIMENTO IMOBILIÁRIO - RESPONSABILIDADE LIMITADA;FII HGCR PAX;HGCR;
PÁTRIA RENDA URBANA - FUNDO DE INVESTIMENTO IMOBILIÁRIO - RESPONSABILIDADE LIMITADA;FII HGRU PAX;HGRU;
PERFORMA REAL ESTATE FUNDO DE INVESTIMENTO IMOBILIÁRIO - RESPONSABILIDADE LIMITADA;FII PERFORMA;PEMA;
PERSONALE I FUNDO DE INVESTIMENTO IMOBILIÁRIO RESPONSABILIDADE LIMITADA;FII PERSONAL;PRSN;
PLURAL RECEBÍVEIS IMOBILIÁRIOS FUNDO DE INVESTIMENTO IMOBILIÁRIO;FII PLURAL R;PLCR;
POLO CRÉDITO IMOBILIÁRIO - FUNDO DE INVESTIMENTO IMOBILIÁRIO - RESPONSABILIDADE LIMITADA;FII POLO CRI;PORD;
POLO FII - FII RECEBÍVEIS IMOBILIÁRIOS I - RESPONSABILIDADE LIMITADA;FII POLO I;PLRI;
PRAIA DO CASTELO FUNDO DE INVESTIMENTO IMOBILIÁRIO;FII PRAIA CS;PCAS;
PRESIDENTE VARGAS FUNDO DE INVESTIMENTO IMOBILIÁRIO;FII P VARGAS;PRSV;
PROJETO ÁGUA BRANCA FUNDO DE INVESTIMENTO IMOBILIÁRIO RESPONSABILIDADE LIMITADA;FII A BRANCA;FPAB;
PROLOGIS BRAZIL LOGISTICS VENTURE FUNDO DE INVESTIMENTO IMOBILIÁRIO DE RESPONSABILIDADE LIMITADA;FII PROLOGIS;PBLV;
QUARTZO REAL ESTATE DEVELOPMENT MULTIESTRATÉGIA FUNDO DE INVESTIMENTO IMOBILIÁRIO RESPONSABILIDADE L;FII QTZD;QTZD;
RAIZZ DESENVOLVIMENTO I FUNDO DE INVESTIMENTO IMOBILIÁRIO - FII RESPONSABILIDADE LIMITADA;FII RZZV;RZZV;
RAIZZ DESENVOLVIMENTO II FUNDO DE INVESTIMENTO IMOBILIÁRIO RESPONSABILIDADE LIMITADA;FII RZZI;RZZI;
RAIZZ RENDA LOGÍSTICA FUNDO DE INVESTIMENTO IMOBILIÁRIO RESPONSABILIDADE LIMITADA;FII RZZR;RZZR;
RB CAPITAL DESENV. RESIDENCIAL II FUNDO DE INVESTIMENTO IMOBILIARIO - RESPONSABILIDADE LIMITADA;FII RBRESID2;RBDS;
RB CAPITAL DESENVOLVIMENTO RESIDENCIAL III FII - RESPONSABILIDADE LIMITADA;FII RBRESID3;RSPD;
RB CAPITAL DESENVOLVIMENTO RESIDENCIAL IV FUNDO DE INVESTIMENTO IMOBILIÁRIO - FII - RESP. LTDA.;FII RBRES IV;RBIR;
RB CAPITAL I FUNDO DE FUNDOS -RESPONSABILIDADE LIMITADA;FII RB CFOF;RFOF;
RB CAPITAL LOGÍSTICO FUNDO DE INVESTIMENTO IMOBILIÁRIO  FII RESPONSABILIDADE LIMITADA;FII RBCAP LG;RBLG;
RB CAPITAL RECEBÍVEIS IMOBILIÁRIOS FUNDO DE INVESTIMENTO IMOBILIÁRIO - FII - RESP LIMITADA;FII RBCAP RI;RRCI;
RB CAPITAL RENDA I FUNDO DE INVESTIMENTO IMOBILIARIO - FII - RESPONSABILIDADE LIMITADA;FII RB CAP I;FIIP;
RB CAPITAL RENDA II FUNDO DE INVESTIMENTO IMOBILIÁRIO - FII;FII RB II;RBRD;
RB CAPITAL TFO SITUS FUNDO DE INVESTIMENTO IMOBILIÁRIO - FII - RESPONSABILIDADE LIMITADA;FII RB TFO;RBTS;
RB DESENVOLVIMENTO RESIDENCIAL V FUNDO DE INVESTIMENTO IMOBILIÁRIO -RESPONSABILIDADE LIMITADA;FII DRIM;DRIM;
RB INVESTIMENTOS MULTIESTRATÉGIA FUNDO DE INVESTIMENTO IMOBILIÁRIORESPONSABILIDADE LIMITADA;FII MTES;MTES;
RBR ALPHA MULTIESTRATÉGIA REAL ESTATE FUNDO DE INVESTIMENTO IMOBILIÁRIO RESPONSABILIDADE LIMITADA;FII RBRALPHA;RBRF;
RBR DESENVOLVIMENTO COMERCIAL FEEDER FOF - FII RESPONSABILIDADE LIMITADA;FII RBR FEED;RCFF;
RBR DESENVOLVIMENTO COMERCIAL I - FUNDO DE INVESTIMENTO IMOBILIÁRIO RESPONSABILIDADE LIMITADA;FII RDCI;RDCI;
RBR DESENVOLVIMENTO LOGÍSTICO I - FUNDO DE INVESTIMENTO IMOBILIÁRIO RESPONSABILIDADE LIMITADA;FII RDLI;RDLI;
RBR FLAGSHIP I FUNDO DE INVESTIMENTO IMOBILIÁRIO RESPONSABILIDADE LIMITADA;FII SHIP;SHIP;
RBR LOG - FUNDO DE INVESTIMENTO IMOBILIÁRIO RESPONSABILIDADE LIMITADA;FII RBR LOG;RBRL;
RBR PLUS MULTIESTRATÉGIA REAL ESTATE FUNDO DE INVESTIMENTO IMOBILIÁRIO RESPONSABILIDADE LIMITADA;FII RBR MULT;RBRX;
RBR PREMIUM RECEBÍVEIS IMOBILIÁRIOS FUNDO DE INVESTIMENTO IMOBILIÁRIO RESPONSABILIDADE LIMITADA;FII RBR PR;RPRI;
RBR PRIME OFFICES - FUNDO DE INVESTIMENTO IMOBILIÁRIO RESPONSABILIDADE LIMITADA;FII RBRK;RBRK;
RBR TOP OFFICES FUNDO DE INVESTIMENTO IMOBILIÁRIO RESPONSABILIDADE LIMITADA;FII TOPP;TOPP;
REAG MULTI ATIVOS IMOBILIÁRIOS - FUNDO DE INVESTIMENTO IMOBILIÁRIO;FII REAGMULT;RMAI;
REAL INVESTOR FUNDO DE INVESTIMENTO IMOBILIÁRIO RESPONSABILIDADE LIMITADA;FII REAL INV;RINV;
REAL INVESTOR RECEBÍVEIS IMOBILIÁRIOS FUNDO DE INVESTIMENTO IMOBILIÁRIO RESPONSABILIDADE LIMITADA;FII RCRI;RCRI;
REC FUNDO DE CRI COTAS AMORTIZÁVEIS - FUNDO DE INVESTIMENTO IMOBILIÁRIO;FII RECD;RECD;
REC MASTER FUNDO DE CRI COTAS AMORTIZÁVEIS FII - RESPONSABILIDADE LIMITADA;FII RMBS;RMBS;
REC MULTIESTRATÉGIA - FUNDO DE INVESTIMENTO IMOBILIÁRIO - RESPONSABILIDADE LIMITADA;FII RECM;RECM;
RIO BRAVO CRÉDITO IMOBILIÁRIO HIGH GRADE FUNDO DE INVESTIMENTO  IMOBILIÁRIO - FII RESP LIMITADA;FII RBCRI IV;RBHG;
RIO BRAVO CRÉDITO IMOBILIÁRIO HIGH YIELD FUNDO DE INVESTIMENTO IMOBILIÁRIO - FII RESP LIMITADA;FII RB YIELD;RBHY;
RIO BRAVO FUNDO DE FUNDOS DE INVESTIMENTO IMOBILIÁRIO DE RESPONSABILIDADE LIMITADA;FII RIOB FF;RBFF;
RIO BRAVO OPORTUNIDADES IMOBILIÁRIAS FUNDO DE INVESTIMENTO IMOBILIÁRIO DE RESPONSABILIDADE LIMITADA;FII MERC BR;RBOP;
RIO BRAVO RENDA CORPORATIVA FUNDO DE INVESTIMENTO IMOBILIÁRIO - RESPONSABILIDADE LIMITADA;FII RIOB RC;RCRB;
RIO BRAVO RENDA RESIDENCIAL FUNDO DE INVESTIMENTO IMOBILIÁRIO DE RESPONSABILIDADE LIMITADA;FII RIOB RR;RBRS;
RIO BRAVO RENDA VAREJO FUNDO DE INVESTIMENTO IMOBILIÁRIO DE RESPONSABILIDADE LIMITADA;FII RIOB VA;RBVA;
RIO NEGRO FUNDO DE INVESTIMENTO IMOBILIÁRIO DE RESPONSABILIDADE LIMITADA;FII RIONEGRO;RNGO;
RIZA AKIN FUNDO DE INVESTIMENTO IMOBILIÁRIO RESPONSABILIDADE LIMITADA;FII RIZA AKN;RZAK;
RIZA ARCTIUM REAL ESTATE FII - FUNDO DE INVESTIMENTO IMOBILIÁRIO RESPONSABILIDADE LIMITADA;FII ARCTIUM;RZAT;
RIZA LECCI FUNDO DE INVESTIMENTO IMOBILIÁRIO RESPONSABILIDADE LIMITADA;FII RZLC;RZLC;
ROCK FUNDO DE INVESTIMENTO IMOBILIÁRIO DE RESPONSABILIDADE LIMITADA;FII ROCK;RCKF;
SANTANDER PAPÉIS IMOBILIÁRIOS CDI FUNDO  DE INVESTIMENTO IMOBILIÁRIO - RESP LIMITADA;FII SANT PAP;SADI;
SANTANDER PAPÉIS IMOBILIÁRIOS FUNDO DE  INVESTIMENTO IMOBILIÁRIO - RESP LIMITADA;FII SAPI;SAPI;
SANTANDER RENDA DE ALUGUÉIS FUNDO DE  INVESTIMENTO IMOBILIÁRIO - FII - RESP LIMITADA;FII SANT REN;SARE;
SÃO DOMINGOS - FUNDO DE INVESTIMENTO IMOBILIÁRIO - FII;FII DOMINGOS;FISD;
SCP FII - RESPONSABIOLIDADE LIMITADA;FII SCP;SCPF;
SEQUÓIA III RENDA IMOBILIÁRIA FUNDO DE INVESTIMENTO IMOBILIÁRIO - RESPONSABILIDADE LIMITADA;FII SEQUOIA;SEQR;
SHOPPING PÁTIO HIGIENÓPOLIS FUNDO DE INVESTIMENTO IMOBILÁRIO DE RESPONSABILIDADE LIMITADA;FII HIGIENOP;SHPH;
SHOPPING PÁTIO PAULISTA FUNDO DE INVESTIMENTO IMOBILIÁRIO RESPONSABILIDADE  LIMITADA;FII SHPP;SHPP;
SHOPPING WEST PLAZA FUNDO DE INVESTIMENTO IMOBILIARIO;FII W PLAZA;WPLZ;
SINGULARE FUNDO DE INVESTIMENTO IMOBILIÁRIO;FII REIT RIV;REIT;
SJ AU LOGÍSTICA FUNDO DE INVESTIMENTO IMOBILIÁRIO RESPONSABILIDADE LIMITADA;FII SJ AU;SJAU;
SOLARIUM FII - FUNDO DE INVESTIMENTO IMOBILIÁRIO;FII SOLARIUM;SOLR;
SP DOWNTOWN FUNDO DE INVESTIMENTO IMOBILIÁRIO - FII;FII SP DOWNT;SPTW;
SPA FUNDO DE INVESTIMENTO IMOBILIÁRIO;FII SPA;SPAF;
SPECIALE BLUE REAL FUNDO DE INVESTIMENTO IMOBILIÁRIO DE RESPONSABILIDADE LIMITADA;FII SPECIALE;LTMT;
SPECIALE REAL ESTATE DEVELOPMENT FUNDO DE INVESTIMENTO IMOBILIÁRIO RESPONSABILIDADE LIMITADA;FII DVLP;DVLP;
SPECIALE REAL ESTATE DEVELOPMENT II FUNDO DE INVESTIMENTO  IMOBILIÁRIO DE RESPONSABILIDADE LIMITADA;FII DVLT;DVLT;
SPECIALE REAL ESTATE FUND OF FUNDS FUNDO DE INVESTIMENTO IMOBILIÁRIO DE RESPONSABILIDADE LIMITADA;FII PMFO;PMFO;
SPGM FUNDO DE INVESTIMENTO IMOBILIÁRIO;FII SPGM;SPGM;
SPGM II FUNDO DE INVESTIMENTO IMOBILIÁRIO;FII SPG2;SPG2;
SPX REAL ESTATE DESENVOLVIMENTO DE GALPÕES LOGÍSTICOS FEEDER BRADESCO FII RESPONSABILIDADE LIMITADA;FII SPXM;SPXM;
SPX REAL ESTATE DESENVOLVIMENTO DE GALPÕES LOGÍSTICOS FEEDER INSTITUCIONAL FII RESP LIMITADA;FII SPXL;SPXL;
SPX REAL ESTATE DESENVOLVIMENTO DE GALPÕES LOGÍSTICOS FEEDER PRIVATE FII RESPONSABILIDADE LIMITADA;FII SPXG;SPXG;
SPX REAL ESTATE MULTIESTRATÉGIA FUNDO DE INVESTIMENTO IMOBILIÁRIO RESPONSABILIDADE LIMITADA;FII SPX SYN;SPXS;
STARX FUNDO DE INVESTIMENTO IMOBILIÁRIO FII RESPONSABILIDADE LIMITADA;FII STARX;STRX;
SULAMÉRICA REAL ESTATE FUNDO DE INVESTIMENTO IMOBILIÁRIO DE RESPONSABILIDADE LIMITADA;FII SURE;SURE;
SUNO ENERGIAS LIMPAS FUNDO DE INVESTIMENTO IMOBILIÁRIO IS RESPONSABILIDADE LIMITADA;FII SUNO EL;SNEL;
SUNO FUNDO DE FUNDOS DE INVESTIMENTO IMOBILIÁRIO FUNDO DE INVESTIMENTO IMOBILIÁRIO RESPONSABILIDADE;FII SUNOFOFI;SNFF;
SUNO LOG FUNDO DE INVESTIMENTO IMOBILIÁRIO - RESPONSABILIDADE LIMITADA;FII SUNO LG;SNLG;
SUNO MULTIESTRATÉGIA FUNDO DE INVESTIMENTO IMOBILIÁRIO RESPONSABILIDADE LIMITADA;FII SNME;SNME;
SUNO RECEBÍVEIS IMOBILIÁRIOS FUNDO DE INVESTIMENTO IMOBILIÁRIO RESPONSABILIDADE LIMITADA;FII SUNO CRI;SNCI;
SUPREMO FUNDO DE INVESTIMENTO IMOBILIÁRIO;FII SUPREMO;SPMO;
TELLUS DESENVOLVIMENTO LOGÍSTICO - FUNDO DE INVESTIMENTO IMOBILIÁRIO RESPONSABILIDADE LIMITADA;FII TELLUS;TELD;
TELLUS MULTIESTRATÉGIA - FII FUNDO DE INVESTIMENTO IMOBILIÁRIO RESPONSABILIDADE LIMITADA;FII TELM;TELM;
TELLUS PROPERTIES - FUNDO DE INVESTIMENTO IMOBILIÁRIO - RESPONSABILIDADE LIMITADA;FII TEL PROP;TEPP;
TELLUS RIO BRAVO RENDA LOGÍSTICA FUNDO DE INVESTIMENTO IMOBILIÁRIO DE RESPONSABILIDADE LIMITADA;FII SDI LOG;TRBL;
TEN DESENVOLVIMENTO FUNDO DE INVESTIMENTO IMOBILIÁRIO RESPONSABILIDADE LIMITADA;FII NAUI;NAUI;
TISHMAN SPEYER RENDA CORPORATIVA FUNDO DE INVESTIMENTO IMOBILIÁRIO - RESPONSABILIDADE LIMITADA;FII TISHMAN;TSER;
TIVIO RENDA IMOBILIÁRIA FUNDO DE INVESTIMENTO IMOBILIÁRIO RESPONSABILIDADE LIMITADA;FII TIVIO RI;TVRI;
TIVIO SECURITIES FUNDO DE INVESTIMENTO IMOBILIÁRIO RESPONSABILIDADE LIMITADA;FII V MASTER;VOTS;
TJK RENDA IMOBILIÁRIA FUNDO DE INVESTIMENTO IMOBILIÁRIO - RESPONSABILIDADE LIMITADA;FII TJK REND;TJKB;
TORDESILHAS EI FUNDO DE INVESTIMENTO IMOBILIÁRIO RESPONSABILIDADE LIMITADA;FII TORDE EI;TORD;
TRANSINC FUNDO DE INVESTIMENTO IMOBILIÁRIO RESPONSABILIDADE LIMITADA;FII TRANSINC;TSNC;
TREECORP REAL ESTATE FII - RESPONSABILIDADE LIMITADA;FII TREECORP;TCPF;
TRX HEDGE FUND FUNDO DE INVESTIMENTO IMOBILIÁRIO - RESPONSABILIDADE LIMITADA;FII TRXY;TRXY;
TRX REAL ESTATE FUNDO DE INVESTIMENTO IMOBILIÁRIO RESPONSABILIDADE LIMITADA;FII TRX REAL;TRXF;
TRX REAL ESTATE II FUNDO DE INVESTIMENTO IMOBILIÁRIO - RESPONSABILIDADE LIMITADA;FII TRX R II;TRXB;
URCA HEDGE FUND ESTRATÉGIA IMOBILIÁRIA FUNDO DE INVESTIMENTO IMOBILIÁRIO - RESPONSABILIDADE LIMITADA;FII URHF;URHF;
URCA PRIME RENDA FUNDO DE INVESTIMENTO IMOBILIÁRIO - FII;FII URCA REN;URPR;
V2 EDIFÍCIOS CORPORATIVOS FUNDO DE INVESTIMENTO IMOBILIÁRIO RESPONSABILIDADE LIMITADA;FII V2EDCORP;VVCO;
V2 MULTI RENDA FUNDO DE INVESTIMENTO IMOBILIÁRIO RESPONSABILIDADE LIMITADA;FII MULT REN;VVMR;
V2 PRIME PROPERTIES FUNDO DE INVESTIMENTO IMOBILIÁRIO - FII - RESPONSABILIDADE LIMITADA;FII V2 PRIME;VPPR;
V2 RECEBÍVEIS IMOBILIÁRIOS FUNDO DE INVESTIMENTO IMOBILIÁRIO RESPONSABILIDADE LIMITADA;FII V2 RECE;VVCR;
V2 RENDA IMOBILIÁRIA FUNDO DE INVESTIMENTO IMOBILIÁRIO RESPONSABILIDADE LIMITADA;FII V2 RENDA;VVRI;
VALORA CRI CDI FUNDO DE INVESTIMENTO IMOBILIÁRIO - FII RESPONSABILIDADE LIMITADA;FII VALREIII;VGIR;
VALORA CRI ÍNDICE DE PREÇO FUNDO DE INVESTIMENTO IMOBILIÁRIO - FII RESPONSABILIDADE LIMITADA;FII VALORAIP;VGIP;
VALORA CRI INFRA II FUNDO DE INVESTIMENTO IMOBILIÁRIO DE RESPONSABILIDADE LIMITADA;FII VGII;VGII;
VALORA HEDGE FUND FUNDO DE INVESTIMENTO IMOBILIÁRIO DE RESPONSABILIDADE LIMITADA;FII VALOR HE;VGHF;
VALORA RENDA IMOBILIÁRIA FUNDO DE  INVESTIMENTO IMOBILIÁRIO RESPONSABILIDADE LIMITADA;FII VGRI;VGRI;
VBI AGRO - FUNDO DE INVESTIMENTO IMOBILIÁRIO - RESPONSABILIDADE LIMITADA;FII PLAG;PLAG;
VBI OFFICE FUND II - FUNDO DE INVESTIMENTO IMOBILIÁRIO - RESPONSABILIDADE  LIMITADA;FII BLMO VBI;BLMO;
VBI REITS MULTIESTRATEGIA FUNDO  DE INVESTIMENTO IMOBILIARIO - RESPONSABILIDADE LIMITADA;FII RVBI VBI;RVBI;
VECTIS JUROS REAL FUNDO DE INVESTIMENTO IMOBILIÁRIO RESPONSABILIDADE LIMITADA;FII VECTIS;VCJR;
VECTIS RENDA RESIDENCIAL FII RESP LIMITADA;FII VECT REN;VCRR;
VECTOR QUELUZ LAJES CORPORATIVAS FUNDO DE INVESTIMENTO IMOBILIARIO;FII VQ LAJES;VLJS;
VÊNUS FUNDO DE INVESTIMENTO IMOBILIÁRIO RESPONSABILIDADE LIMITADA;FII VENUS;SALI;
VERA CRUZ CRI RESIDENCIAL HIGH GRADE - RESPONSABILIDADE LIMITADA;FII VCHG;VCHG;
VERA CRUZ THREE FUNDO DE INVESTIMENTO IMOBILIÁRIO RESPONSABILIDADE LIMITADA;FII VCTH;VCTH;
VERSALHES RECEBÍVEIS IMOBILIÁRIOS FUNDO DE INVESTIMENTO IMOBILIÁRIO DE RESPONSABILIDADE LIMITADA;FII VERS CRI;VSLH;
VIA PARQUE SHOPPING FUNDO DE INVESTIMENTO IMOBILIÁRIO DE RESPONSABILIDADE LIMITADA;FII V PARQUE;FVPQ;
VIC DESENVOLVIMENTO - VINTAGE 20/21 FUNDO DE INVESTIMENTO IMOBILIÁRIO - RESPONSABILIDADE LIMITADA;FII VIC DES;VIDS;
VIC DESENVOLVIMENTO VINTAGE 22/23 FUNDO DE INVESTIMENTO IMOBILIÁRIO;FII VIC VIN;VDSV;
VINCI CREDIT SECURITIES FUNDO DE INVESTIMENTO IMOBILIÁRIO - RESPONSABILIDADE LIMITADA;FII VINCI CR;VCRI;
VINCI IMÓVEIS URBANOS FUNDO DE INVESTIMENTO IMOBILIÁRIO - RESPONSABILIDADE  LIMITADA;FII VINCI IU;VIUR;
VINCI INSTRUMENTOS FINANCEIROS 3 FUNDO DE INVESTIMENTO IMOBILIÁRIO - RESPONSABILIDADE LIMITADA;FII VIFI 3;VLQI;
VINCI INSTRUMENTOS FINANCEIROS FUNDO DE INVESTIMENTO IMOBILIÁRIO - FII;FII VINCI IF;VIFI;
VINCI LOGÍSTICA FUNDO DE INVESTIMENTO IMOBILIÁRIO - RESPONSABILIDADE LIMITADA;FII VINCI LG;VILG;
VINCI MOZAK RESIDENCIAL II FUNDO DE INVESTIMENTO IMOBILIÁRIO - RESPONSABILIDADE LIMITADA;FII VIMO;VIMO;
VINCI OFFICES FUNDO DE INVESTIMENTO IMOBILIÁRIO - RESPONSABILIDADE LIMITADA;FII VINCI OF;VINO;
VINCI OPORTUNIDADES LOGÍSTICAS FII RESPONSABILIDADE LIMITADA;FII VIOL;VIOL;
VINCI SHOPPING CENTERS FUNDO DE INVESTIMENTO IMOBILIÁRIO - RESPONSABILIDADE LIMITADA;FII VINCI SC;VISC;
WARREN SECURITIES FUNDO DE INVESTIMENTO IMOBILIÁRIO FII RESPONSABILIDADE LIMITADA;FII WARREN;WSEC;
WHG FINVEST SP REALTY FUNDO DE INVESTIMENTO IMOBILIÁRIO - RESPONSABILIDADE LIMITADA;FII WHG F SP;SPDE;
WHG REAL ESTATE FUNDO DE INVESTIMENTO IMOBILIÁRIO - FII RESPONSABILIDADE LIMITADA;FII WHG REAL;WHGR;
XP CORPORATE MACAÉ FUNDO DE INVESTIMENTO IMOBILIÁRIO DE RESPONSABILIDADE LIMITADA;FII XP MACAE;XPCM;
XP CRÉDITO IMOBILIÁRIO - FUNDO DE INVESTIMENTO IMOBILIÁRIO;FII XP CRED;XPCI;
XP INDUSTRIAL FUNDO DE INVESTIMENTO IMOBILIÁRIO;FII XP INDL;XPIN;
XP LOG FUNDO DE INVESTIMENTO IMOBILIÁRIO RESPONSABILIDADE LIMITADA - FII;FII XP LOG;XPLG;
XP MALLS FUNDO DE INVESTIMENTO IMOBILIÁRIO FII;FII XP MALLS;XPML;
XP SELECTION FUNDO DE FUNDOS DE INVESTIMENTO IMOBILIÁRIO - FII;FII XP SELEC;XPSF;
YUCA FUNDO DE INVESTIMENTO IMOBILIÁRIO RESPONSABILIDADE LIMITADA;FII YUCA;YUFI;
ZAGROS MULTIESTRATÉGIA FUNDO DE INVESTIMENTO IMOBILIÁRIO RESPONSABILIDADE LIMITADA;FII ZAGH;ZAGH;
ZAVIT CRÉDITO IMOBILIÁRIO FUNDO DE INVESTIMENTO IMOBILIÁRIO - RESPONSABILIDADE LIMITADA;FII ZAVIT C;ZAVC;
ZAVIT REAL ESTATE FUND - FUNDO DE INVESTIMENTO IMOBILIÁRIO - RESPONSABILIDADE LIMITADA;FII ZAVIT R;ZAVI;
ZION CAPITAL FUNDO DE INVESTIMENTO IMOBILIÁRIO - FII RESPONSABILIDADE LIMITADA;FII ZION;ZIFI;
